input_id,input_name_ar,is_required,activates_criteria,blocked_verdicts_when_absent,data_minimization_rule
age,العمر/المرحلة,yes,"C002,C060,C061,C062,C063,C093,C099","لا يمكن إصدار حكم على المواءمة العمرية أو المآلات المرحلية.","يُطلب مرة واحدة عند إنشاء الحالة."
plan,نموذج الخطة,yes,"C001,C004,C010-C016,C020,C021,C023,C030-C032,C070,C072,C073,C080-C083,C091,C094,C095","لا مراجعة ممكنة إطلاقًا.","تُجمع الحقول الدنيا فقط."
assessment,تقرير التقييم,no,"C003,C020,C022,C024,C074,C090,C096,C097","الحاجة بلا سند تقييمي؛ يُوسم C020 كـ غير قابل للمراجعة.","تُقبل الملخصات دون التفاصيل السريرية."
family_priorities,أولويات الأسرة,no,"C033,C050","تُوسم معايير مواءمة أولوية الأسرة بـ غير قابل للمراجعة.","تُخزن كنص حر مختصر."
student_preference,تفضيل المتعلم,no,"C034,C051","تُوسم معايير صوت المتعلم بـ غير قابل للمراجعة.","تُخزن كنص حر مختصر."
supports,الدعم والتسهيلات,no,"C040,C041,C042,C092","تُوسم معايير الدعم بـ غير قابل للمراجعة.","تُقبل قائمة موجزة."
professional_notes,ملاحظات مهنية,no,"C043","تُوسم معايير بروتوكول الملاحظة بـ غير قابل للمراجعة.","تُقبل ملاحظة دون بيانات حساسة."
prior_plan,خطة سابقة,no,"C071","معيار تكرار الخطة السابقة يُوسم غير قابل للمراجعة.","تُقبل نسخة مختصرة فقط."
prior_progress,بيانات تقدم سابقة,no,"C084","معيار الاستفادة من التقدم السابق يُوسم غير قابل للمراجعة.","تُقبل ملخصات مجمّعة."
